smiles,doi,voc,vocPredicated,voc_abs_error
COc1cc2c3ccsc3c3sc(-c4sc(-c5ccc(-c6cc(C)cs6)c6nsnc65)cc4C)cc3c2cc1OC,10.1039/C1CC13690A,0.64,0.6406492,0.0006492
COC(=O)c1cc2c(-c3cccs3)sc(-c3ccc(-c4cc5c(s4)c(-c4cc(F)c(C)s4)c4ccsc4c5-c4cc(F)c(C)s4)s3)c2s1,10.1021/ar5000743,0.74,0.738493,0.001507
Cc1csc(-c2sc(-c3ccc(-c4cc(C)c(-c5cc(C)c(-c6ccc7c8cc9c(cc8n(C)c7c6)c6ccccc6n9C)s5)s4)c4nsnc43)cc2C)c1,10.1039/b9py00325h,0.69,0.6930323,0.0030323
C=Cc1ccc2c3ccc(C=Cc4sc(-c5ccc(-c6ccc(-c7cc(C)cs7)s6)s5)cc4C)cc3n(-c3ccc(OC)cc3)c2c1,10.1039/C1EE01072G,0.5,0.50544524,0.00544524
Cc1ccc(C2(c3ccc(C)cc3)c3ccsc3-c3cc4c(cc32)-c2sc(-c3cccs3)cc2C4(c2ccc(C)cc2)c2ccc(C)cc2)cc1,10.1021/ar900061z,0.8,0.80550134,0.00550134
Cn1c(-c2ccc(C=C(C#N)C(=O)O)s2)ccc1-c1ccc2c(c1)C(C)(C)c1cc(N(c3ccccc3)c3ccccc3)ccc1-2,10.1021/jp801036s,0.61,0.6030581,0.0069419
Cc1cc2c3cc(C)sc3c3nc4c(-c5ccc(-c6ccc7c8ccccc8n(C)c7c6)s5)ccc(-c5cccs5)c4nc3c2s1,10.1021/ma1027164,0.75,0.74152184,0.00847816
CN1C(=O)c2csc(-c3cc4c(s3)-c3sccc3C4(C)C)c2C1=O,10.1002/adfm.201100708,0.79,0.7987569,0.0087569
Cc1cc[se]c1,10.1039/b9py00325h,0.52,0.5333766,0.0133766
COC(=O)c1sc2c(-c3ccc(-c4cc5c(s4)c(-c4ccc(C)s4)c4ccsc4c5-c4ccc(C)s4)s3)sc(-c3cccs3)c2c1F,10.1021/ar5000743,0.6,0.579015,0.020985
Cc1csc(-c2ccc(C3=C4C(=O)N(C)C(c5ccc(-c6cc(C)cs6)s5)=C4C(=O)N3C)s2)c1,10.1039/C1EE01072G,0.61,0.58841324,0.021586760000000038
COc1c2ccsc2c(OC)c2c1=S=C(c1cc(C)c(-c3ccc(-c4sc(-c5nc(C)c(-c6ccc(-c7sccc7C)s6)s5)nc4C)s3)s1)C=2,10.1002/adma.201200721,0.82,0.7963461,0.023653900000000005
C#Cc1sc(C#Cc2scc3nc(-c4ccccc4)c(-c4ccccc4)nc23)c(C)c1C,10.1021/ar900061z,0.67,0.6441681,0.0258319
CC1(C)CC(C=Cc2ccc(N(c3ccc(N(c4ccccc4)c4ccccc4)cc3)c3ccc(N(c4ccccc4)c4ccccc4)cc3)cc2)=CC(=C(C#N)C(=O)O)C1,10.1021/jo800159t,0.567,0.596121,0.029121000000000064
CN1C(=O)C2=C(c3ccc(-c4ccc5c(c4)C(C)(C)c4ccccc4-5)s3)N(C)C(=O)C2=C1c1cccs1,10.1039/C1EE01072G,0.74,0.76942915,0.029429150000000015
Cc1nc(-c2nc(C)c(-c3ccc(N(c4ccccc4)c4ccccc4)cc3)s2)sc1-c1ccc(N(c2ccccc2)c2ccccc2)cc1,10.1002/adma.201200721,0.71,0.6787402,0.0312598
Cc1ccsc1-c1ccc(-c2ccc(-c3sccc3C)s2)s1,10.1016/j.solmat.2009.10.025,0.48,0.5124092,0.0324092
COCc1sc2c(csc2-c2cc3c(s2)c(OC)c2ccsc2c3OC)c1F,10.1039/b9py00325h,0.76,0.79696715,0.03696715
Cc1ccsc1C1=NC2SC(c3sc(-c4cc5c(s4)-c4sccc4[Si]5(C)C)cc3C)=NC2S1,10.1002/adma.201200721,0.77,0.72225755,0.04774245
C[Si]1(C)c2ccsc2-c2sc(-c3nc4sc(-c5cc6c(s5)-c5sc(-c7cc8sccc8s7)cc5[Si]6(C)C)nc4s3)cc21,10.1021/ma201054a,0.64,0.695863,0.055862999999999996
Cc1nc(-c2nc(C)c(-c3ccc(-c4cc5c(s4)-c4sccc4[Si]5(C)C)s3)s2)sc1-c1cccs1,10.1002/adma.201200721,0.68,0.6228303,0.0571697
Cc1ccc(-c2nc3c(-c4cccs4)ccc(-c4ccc(-c5ccc6c7ccccc7n(C)c6c5)s4)c3nc2-c2ccc(C)s2)s1,10.1021/ma1027164,0.88,0.82249904,0.057500960000000045
CN1C(=O)C2=C(c3ccc(-c4ccc(C(F)(F)F)cc4)s3)N(C)C(=O)C2=C1c1ccc(-c2ccc(C(F)(F)F)cc2)s1,10.1039/c1ee01544c,0.48,0.41714418,0.06285582
COc1c2ccsc2c(OC)c2cc(-c3scc4c3C(=O)N(C)C4=O)sc21,10.1039/C1EE01072G,0.85,0.9130054,0.0630054
CC1(C)c2ccsc2-c2sc(-c3c4nsnc4cc(F)c3F)cc21,10.1038/ncomms2411,0.85,0.784964,0.065036
Cc1ccc(-c2c3cc(-c4ccc(-c5sc(-c6cccs6)c6cc(S(C)(=O)=O)sc65)s4)sc3c(-c3ccc(C)s3)c3ccsc32)s1,10.1021/ar5000743,0.69,0.6210336,0.0689664
COc1c2ccsc2c(OC)c2cc(-c3cc(C)c(-c4sc(-c5sccc5C)c5c4C(=O)N(C)C5=O)s3)sc21,10.1039/C1EE01072G,0.89,0.8173299,0.0726701
COc1cccc(-c2nc3c(-c4cccs4)ccc(-c4ccc(-c5cc6c(s5)c(OC)c5ccsc5c6OC)s4)c3nc2-c2cccc(OC)c2)c1,10.1021/ar5000743,0.71,0.6340695,0.0759305
CN1C(=O)C2=C(c3ccc(-c4cc5c(s4)-c4sccc4[Si]5(C)C)s3)N(C)C(=O)C2=C1c1cccs1,10.1039/C1EE01072G,0.55,0.4716711,0.0783289
COc1c2ccsc2c(OC)c2cc(-c3sc(C4=S=Cc5ccccc54)c4ccccc43)sc21,10.1021/jp208775x,0.27,0.34977984,0.07977984
CN1C(=O)C2=C(c3ccc(-c4cc5ccccc5o4)s3)N(C)C(=O)C2=C1c1ccc(-c2cc3ccccc3o2)s1,10.1021/cm102189g,0.92,0.8337594,0.0862406
Cc1ccsc1-c1ccc(-c2sc(-c3ccc4c(c3)N(C)C(=O)C4=C3c4ccccc4N(C)C3=O)cc2C)s1,10.1021/ja206610u,0.7,0.6099592,0.0900408
COc1c(OC)c(-c2cc3sc(-c4cc5c(s4)c(-c4ccc(C)s4)c4ccsc4c5-c4ccc(C)s4)cc3s2)c2nsnc2c1-c1cc2sccc2s1,10.1021/ar5000743,0.8,0.7077743,0.0922257
COc1ccc2c(c1)-c1cc(OC)c(-c3ccc(-c4ccc(-c5cccs5)c5nsnc54)s3)cc1[Si]2(C)C,10.1021/ma102173a,0.67,0.5746002,0.0953998
Cn1c(-c2ccc(C=C(C#N)C(=O)O)s2)ccc1-c1ccc(-c2ccc3c(c2)C(C)(C)c2cc(N(c4ccccc4)c4ccccc4)ccc2-3)s1,10.1021/jp801036s,0.6,0.6954432,0.0954432
COC(=O)c1cc2csc(-c3cc4c(s3)c(C)c3ccsc3c4C)c2s1,10.1039/C1EE01072G,0.72,0.81594,0.09594
C[Si]1(C)c2ccsc2-c2sc(-c3cccc4nonc43)cc21,10.1002/adma.200903677,0.68,0.58402985,0.09597015
COc1ccc(N(c2ccc(OC)cc2)c2ccc(C3c4ccccc4-c4ccc(-c5ccc(-c6c7nsnc7c(-c7cccs7)c7nc(-c8ccccc8)c(-c8ccccc8)nc76)s5)cc43)cc2)cc1,10.1039/C1EE01072G,0.41,0.5094685,0.0994685
COc1c2ccsc2c(OC)c2cc(-c3ccc(-c4sc(-c5cccs5)c5c4C(=O)N(C)C5=O)s3)sc21,10.1002/adfm.201001771,0.76,0.8602412,0.10024120000000003
COC(=O)c1cc2c(csc2-c2cc3c(s2)c(OC)c2ccsc2c3OC)s1,10.1021/ar900061z,0.56,0.661235,0.10123499999999996
Cc1ccc(-c2ccc(-c3ncc(-c4cc5c(s4)-c4sc(-c6cnc(-c7ccc(-c8ccc(C)s8)s7)c7nsnc76)cc4[Si]5(C)C)c4nsnc43)s2)s1,10.1039/C1JM11963J,0.7,0.8041914,0.10419140000000005
Cn1c2ccccc2c2ccc(-c3ccc(-c4nnc(-c5cccs5)c5nccnc45)s3)cc21,10.1039/C1EE01072G,0.66,0.5544969,0.10550310000000007
Cc1ccc(-c2c3cc(-c4ccc(-c5sc(-c6cccs6)c6c5C(=O)c5c(C)sc(C)c5C6=O)s4)sc3c(-c3ccc(C)s3)c3ccsc32)s1,10.1021/ar5000743,0.86,0.7544639,0.10553610000000002
Cn1c2ccsc2c2sc(-c3ccc(-c4ccc(-c5cccs5)c5nsnc54)s3)cc21,10.1021/ar900061z,0.52,0.41139454,0.10860546000000004
Cn1c2ccccc2c2ccc(-c3ccc(-c4sc(-c5cccs5)c5nc(-c6ccccc6)c(-c6ccccc6)nc54)s3)cc21,10.1039/C1EE01072G,0.62,0.7306947,0.11069470000000003
CC1(C)c2ccsc2-c2sc(-c3cccc4nsnc43)cc21,10.1038/ncomms2411,0.62,0.5067198,0.11328019999999994
CN1C(=O)C2=C(c3cc4sccc4s3)N(C)C(=O)C2=C1c1cc2sccc2s1,10.1021/ja110619k,0.57,0.68354994,0.11354994000000007
COC(=O)c1sc2c(-c3ccc(-c4cc5c(s4)c(-c4ccc(OC)cc4)c4ccsc4c5-c4ccc(OC)cc4)s3)sc(-c3cccs3)c2c1F,10.1021/ar5000743,0.78,0.66423273,0.11576726999999998
CC1=CC(c2ccc(-c3cc(C)c(-c4cc5c(s4)c4sccc4c4nc(C)c(C)nc54)s3)c3nsnc32)=S=C1,10.1021/ma101646r,0.83,0.7141824,0.11581759999999997
CC1=CC(c2cc(C)c(-c3ccc(-c4sc(-c5nc(C)c(-c6cccs6)s5)nc4C)s3)s2)=S=C1,10.1002/adma.201200721,0.77,0.8935818,0.12358179999999996
Cc1nc2c(nc1C)c(-c1ccc(-c3ccc4c5ccccc5n(C)c4c3)s1)sc2-c1cccs1,10.1039/C1EE01072G,0.56,0.43596575,0.12403425000000007
CC1(C)c2ccccc2-c2ccc(-c3ccc(C4=C(c5ccccc5)C(c5ccccc5)=C(c5cccs5)[Si]4(C)C)s3)cc21,10.1021/ar900061z,0.65,0.7767104,0.1267104
COC(=O)c1cc2csc(-c3cc4c(s3)c(-c3ccc(C)s3)c3ccsc3c4-c3ccc(C)s3)c2s1,10.1002/anie.201103313,0.68,0.5530286,0.12697140000000007
Cc1c2cc(-c3ccc(-c4c5nn(C)nc5c(-c5cccs5)c(F)c4F)s3)sc2c(C)c2ccsc21,10.1021/ja1112595,0.79,0.9245653,0.1345653
Cc1nc(-c2nc(C)c(-c3ccc(C4=S=C5c6sccc6C(C)(C)C5=C4)s3)s2)sc1-c1cccs1,10.1002/adma.201200721,0.7,0.5636982,0.13630179999999992
CC1(C)CC(C=Cc2ccc(N(c3ccccc3)c3ccccc3)cc2)=CC(=C(C#N)C(=O)O)C1,10.1021/jo800159t,0.615,0.4779753,0.1370247
Cc1cc(-c2c3cc(-c4cccs4)sc3c(-c3cc(C)c(C)s3)c3cc(-c4ccc(-c5ccc6c(c5F)N(C)C(=O)C6=C5c6cccc(F)c6N(C)C5=O)s4)sc32)sc1C,10.1039/C3PY01598J,0.9,1.0392636,0.13926359999999993
Cc1cc2c3ccsc3c3sc(-c4ccc(-c5cnc(-c6cccs6)c6nsnc65)s4)cc3c2cc1C,10.1002/anie.201003357,0.71,0.563997,0.146003
COC(=O)c1cc2c(-c3cccs3)sc(-c3ccc(-c4cc5c(s4)c(-c4ccc(C)s4)c4ccsc4c5-c4ccc(C)s4)s3)c2s1,10.1021/ar5000743,0.56,0.4137093,0.14629070000000005
CN1C(=O)C2=C(c3ccc(C#Cc4cc5ccccc5c5ccccc45)s3)N(C)C(=O)C2=C1c1ccc(C#Cc2cc3ccccc3c3ccccc23)s1,10.1016/j.solmat.2011.05.006,0.77,0.6203681,0.14963190000000004
Cc1c2ccsc2c2sc(-c3ccc(C4=C5C(=O)N(C)C(c6cccs6)=C5C(=O)N4C)s3)cc2c1C,10.1039/C1EE01072G,0.72,0.5688096,0.15119039999999995
Cc1ccc(C2(c3ccc(C)cc3)c3ccsc3-c3cc4c(cc32)-c2sc(-c3ccc(-c5cccs5)s3)cc2C4(c2ccc(C)cc2)c2ccc(C)cc2)cc1,10.1021/ar900061z,0.79,0.63633466,0.15366533999999998
Cc1csc(-c2nnc(-c3cc(C)c(-c4cc5c(s4)-c4sccc4C5(C)C)s3)nn2)c1,10.1002/pola.24774,0.75,0.5938755,0.1561245
Cn1c(-c2ccc(C=C(C#N)C(=O)O)s2)ccc1-c1ccc2c(c1)c1cc(N(c3ccccc3)c3ccccc3)ccc1n2C,10.1021/jp801036s,0.58,0.7422064,0.16220640000000008
Cc1ccc(-c2csc(-c3cc(-c4ccc(C)s4)c(-c4ccc(C5=C6C(=O)N(C)C(c7cccs7)=C6C(=O)N5C)s4)s3)c2)s1,10.1039/C1EE01072G,0.65,0.48458406,0.16541594000000004
COc1c2cc(-c3ccc(C4=C5C(=O)N(C)C(c6cccs6)=C5C(=O)N4C)s3)sc2c(OC)c2ccsc21,10.1021/ar5000743,0.69,0.52455103,0.16544896999999992
COC(=O)c1cc2csc(-c3cc4c(s3)c(OC)c3ccsc3c4OC)c2s1,10.1039/C1EE01072G,0.56,0.7294022,0.16940219999999995
Cc1cc(-c2ccc(N(c3ccccc3)c3ccccc3)cc2)sc1-c1cnc(-c2ncc(-c3sc(-c4ccc(N(c5ccccc5)c5ccccc5)cc4)cc3C)s2)s1,10.1002/adma.201200721,0.97,0.8005445,0.16945549999999998
COc1c2cc(-c3cc4c(s3)-c3sc(C5=NC6SC(c7cc8c(s7)-c7sccc7[Si]8(C)C)=NC6S5)cc3[Si]4(C)C)sc2c(OC)c2ccsc21,10.1002/adma.201200721,0.69,0.86193013,0.17193013000000001
Cc1csc(-c2ccc(-c3cc(C)c(-c4cc5c(s4)c(C)c4ccsc4c5C)s3)c3nsnc32)c1,10.1002/anie.201005451,0.87,1.0446761,0.1746761
